{"actions": ["offer_0", "offer_5", "offer_10", "offer_free_ship"], "epsilon": 0.2, "counts": [36, 90, 156, 18], "values": [0.0, 0.06666666666666664, 0.13461538461538464, 0.0]}